{"avg_train_loss_list": [0.35170490560787065, 0.17856597900390625, 0.15496497388396943, 0.13327122745769365, 0.09375104254909924, 0.06640494734581028, 0.0607472324876913, 0.05457265385692673, 0.05299150491399424, 0.053246843229447095], "train_accuracy_list": [0.8071428571428572, 0.9285714285714286, 0.9328571428571428, 0.9371428571428572, 0.9542857142857143, 0.9771428571428571, 0.9771428571428571, 0.98, 0.9771428571428571, 0.98], "avg_val_loss_list": [0.28053634241223335, 0.2985909655690193, 0.30353712290525436, 0.1731494441628456, 0.1611780896782875, 0.15936940908432007, 0.1538255475461483, 0.15114592388272285, 0.1468054484575987, 0.1853707879781723], "val_accuracy_list": [0.915, 0.85, 0.845, 0.935, 0.945, 0.94, 0.955, 0.945, 0.955, 0.95]}