{"avg_train_loss_list": [0.41674332107816425, 0.22284086687224253, 0.15223496407270432, 0.13194347039929458, 0.1287975481578282, 0.08892381124730621, 0.0840378450229764, 0.07296442000993661, 0.07572093665865916, 0.0630689887329936, 0.04878161132468709, 0.04452895712373512, 0.03434873608473156, 0.03670481239844646, 0.029327611039791788, 0.033417595616940944, 0.030598597567794577, 0.021146807802974114, 0.016927930143927888, 0.014441095858014055], "train_accuracy_list": [0.7928571428571428, 0.91, 0.94, 0.9471428571428572, 0.9442857142857143, 0.9685714285714285, 0.9671428571428572, 0.9757142857142858, 0.9714285714285714, 0.9771428571428571, 0.9842857142857143, 0.9857142857142858, 0.9885714285714285, 0.9857142857142858, 0.9928571428571429, 0.99, 0.99, 0.9942857142857143, 0.9957142857142857, 0.9971428571428571], "avg_val_loss_list": [0.3122303709387779, 0.27493801712989807, 0.2552141398191452, 0.21279623918235302, 0.14780297502875328, 0.14811807498335838, 0.14702860824763775, 0.21172235161066055, 0.1536913812160492, 0.14082459639757872, 0.13363286294043064, 0.13723121769726276, 0.13977596629410982, 0.13560701441019773, 0.14208116568624973, 0.16754646133631468, 0.16590445768088102, 0.1536837089806795, 0.17444789689034224, 0.161657290533185], "val_accuracy_list": [0.91, 0.91, 0.915, 0.93, 0.935, 0.95, 0.95, 0.92, 0.945, 0.95, 0.96, 0.96, 0.95, 0.96, 0.955, 0.95, 0.95, 0.945, 0.945, 0.955]}