{"avg_train_loss_list": [0.4245761164597103, 0.1768492545400347, 0.10955511246408735, 0.09968387894332409, 0.08350978951369013, 0.07935845239886216, 0.11460556209619556, 0.06367674097418785, 0.05817848477246506, 0.05370238822485719], "train_accuracy_list": [0.81, 0.9371428571428572, 0.9614285714285714, 0.9571428571428572, 0.97, 0.9728571428571429, 0.9542857142857143, 0.9742857142857143, 0.9728571428571429, 0.9814285714285714], "avg_val_loss_list": [0.29613038152456284, 0.16926772147417068, 0.16000930964946747, 0.1430001314729452, 0.2814633883535862, 0.2417532168328762, 0.18093198351562023, 0.14715788327157497, 0.17354803159832954, 0.13349734619259834], "val_accuracy_list": [0.835, 0.93, 0.945, 0.94, 0.895, 0.92, 0.93, 0.935, 0.93, 0.945]}