{"avg_train_loss_list": [0.41722636989184786, 0.23811609936611994, 0.15990404625024116, 0.13654072795595443, 0.10634464025497437], "train_accuracy_list": [0.7814285714285715, 0.8928571428571429, 0.9457142857142857, 0.95, 0.9557142857142857], "avg_val_loss_list": [0.38858532160520554, 0.16727756708860397, 0.12850846350193024, 0.129382761195302, 0.18318802304565907], "val_accuracy_list": [0.78, 0.95, 0.945, 0.945, 0.93]}