{"avg_train_loss_list": [0.576858252286911, 0.3580763765743801, 0.20800856128335, 0.14185746306819574, 0.1302300582506827, 0.09192463010549545, 0.08525010677320617, 0.07453243248164654, 0.0973420866898128, 0.0650185135060123, 0.056322786158749034, 0.04956450725772551, 0.05954543820449284, 0.047239113332969804, 0.035450520659131665, 0.033637895714491606, 0.0345719895059509, 0.041547076776623726, 0.055979655856000524, 0.0299422122937228], "train_accuracy_list": [0.6942857142857143, 0.8128571428571428, 0.9314285714285714, 0.9485714285714286, 0.9528571428571428, 0.9642857142857143, 0.9728571428571429, 0.9771428571428571, 0.9614285714285714, 0.9785714285714285, 0.9814285714285714, 0.98, 0.9728571428571429, 0.9857142857142858, 0.9871428571428571, 0.9857142857142858, 0.99, 0.9828571428571429, 0.9771428571428571, 0.9928571428571429], "avg_val_loss_list": [0.4242231920361519, 0.30316899344325066, 0.20945831015706062, 0.17717750929296017, 0.17419124022126198, 0.19449978694319725, 0.16388241201639175, 0.19929811730980873, 0.17510713078081608, 0.16623497754335403, 0.155140096321702, 0.17075243405997753, 0.16180390305817127, 0.15940439701080322, 0.15140736289322376, 0.15993940457701683, 0.17223434522747993, 0.30699509754776955, 0.2151465155184269, 0.18212866969406605], "val_accuracy_list": [0.775, 0.845, 0.91, 0.935, 0.93, 0.915, 0.935, 0.92, 0.93, 0.935, 0.94, 0.915, 0.945, 0.94, 0.945, 0.945, 0.945, 0.88, 0.92, 0.945]}