{"avg_train_loss_list": [0.542332404426166, 0.35033273909773144, 0.2661741610084261, 0.24405600343431746, 0.2192511563854558], "train_accuracy_list": [0.7328571428571429, 0.7957142857142857, 0.8942857142857142, 0.9257142857142857, 0.9457142857142857], "avg_val_loss_list": [0.45116525888442993, 0.3399305194616318, 0.28478412702679634, 0.3219168782234192, 0.2675591893494129], "val_accuracy_list": [0.725, 0.9, 0.92, 0.89, 0.935]}