{"avg_train_loss_list": [0.6150139981938392, 0.5787054718155222, 0.5739851809039558, 0.5675937388975596, 0.5620567036658218, 0.5607638343707803, 0.5593481976346871, 0.5555115074841017, 0.5571955414776949, 0.5510680309890472, 0.5495451870038337, 0.5477462736601683, 0.557053048586108, 0.5480641550624493, 0.5468542305464598, 0.5444775103908224, 0.5441738210388065, 0.5411320949338146, 0.5407069122668394, 0.5396381462972188, 0.5384922288742262, 0.5389196774394241, 0.5376016743404349, 0.5361903337473722, 0.538052840945647, 0.5354157603278602, 0.532926904479253, 0.5312770660390559, 0.5306276067630532, 0.5294100233574504, 0.5281897832437888, 0.5287936016456368, 0.5278329667971307, 0.5248500800009855, 0.5249406799827654, 0.5256953027445016, 0.5242656380245366, 0.5237631035834244, 0.5257802673221863, 0.5238113885687798, 0.5230619759903741, 0.5223598142260129, 0.523654485178977, 0.523142867788826, 0.5209264644642466, 0.520947274780765, 0.5201089526574636, 0.5194767403233912, 0.521032386526619, 0.5203113042816674, 0.5303270942771557, 0.527675874454459, 0.5262330647596379, 0.5254973443513064, 0.5223192400539044, 0.5214546820552078, 0.520985920711891, 0.5219290923211992, 0.5211888066272146, 0.5189098860185171, 0.522018739550384, 0.5185077583666929, 0.5211059712257582, 0.518712224419584, 0.5205671867144477, 0.5201374135681034, 0.5162430058435067, 0.517179804671671, 0.5181596254565052, 0.5154449798397183, 0.5149294641829029, 0.5187363624572754, 0.5153286736650565, 0.5163739394281328, 0.5165544032436056, 0.5142316031701786, 0.5139832296936783, 0.5154478497726401, 0.521258793848077, 0.5150295643462348, 0.515970820618659, 0.5141952775188328, 0.5144631659861693, 0.5149586182279685, 0.5146075139955147, 0.5147335489386136, 0.514222951279473, 0.5129914652440966, 0.5156742116225135, 0.5171045842244453, 0.5192712275023313, 0.5133920490127248, 0.5122345381790829, 0.5134503475784027, 0.512564014835456, 0.5115731797881962, 0.5122404454909649, 0.5135035739117062, 0.5139740763865795, 0.5128023910153773], "train_accuracy_list": [0.590880957293171, 0.704765834536827, 0.7289044769960801, 0.7437590262017743, 0.7381885702496389, 0.7431400866515371, 0.7668661027439654, 0.771611305962451, 0.7736744377965752, 0.7788322673818857, 0.7905921188363937, 0.7862595419847328, 0.7889416133690943, 0.8027645966577265, 0.7959562616051166, 0.790798432019806, 0.8068908603259748, 0.8075097998762121, 0.8128739426449351, 0.8077161130596245, 0.8165875799463586, 0.8056529812255003, 0.8240148545492056, 0.8031772230245513, 0.8126676294615226, 0.8021456571074892, 0.8035898493913761, 0.8004951516401898, 0.8009077780070146, 0.8130802558283474, 0.8273158654838044, 0.8500103156591706, 0.8223643490819064, 0.814318134928822, 0.8134928821951722, 0.8403135960387869, 0.8304105632349907, 0.8421704146894987, 0.8394883433051372, 0.861976480297091, 0.8634206725809779, 0.8465029915411595, 0.8528987002269445, 0.8628017330307407, 0.8718795131008872, 0.8638332989478028, 0.8671343098824015, 0.8590880957293171, 0.8654838044151021, 0.8780689086032597, 0.8778625954198473, 0.8559933979781308, 0.847740870641634, 0.8782752217866722, 0.8592944089127296, 0.8791004745203218, 0.8842583041056323, 0.8892098205075304, 0.8749742108520735, 0.8869403754899938, 0.8710542603672374, 0.8859088095729317, 0.8770373426861976, 0.8797194140705591, 0.8824014854549206, 0.9131421497833712, 0.9009696719620384, 0.8910666391582422, 0.9042706828966371, 0.9174747266350319, 0.9154115948009077, 0.8945739632762534, 0.9178873530018569, 0.9205694243862182, 0.9092221992985352, 0.9139674025170208, 0.9265525067051784, 0.9271714462554157, 0.923870435320817, 0.912110583866309, 0.9211883639364555, 0.9294408912729524, 0.9294408912729524, 0.9244893748710543, 0.9416133690942852, 0.9290282649061276, 0.9329482153909635, 0.9352176604085001, 0.9315040231070766, 0.9294408912729524, 0.938106044976274, 0.9422323086445223, 0.9308850835568393, 0.9494532700639571, 0.9453270063957087, 0.944501753662059, 0.9374871054260367, 0.9447080668454714, 0.9354239735919125, 0.9405818031772231], "avg_val_loss_list": [0.5826122398887362, 0.5686744110924857, 0.5663229376077652, 0.5716015930686679, 0.5663190867219653, 0.5660436706883567, 0.5690537456955228, 0.5591668401445661, 0.5596348558153424, 0.5625343493052891, 0.5616661469851222, 0.5695239646094186, 0.5600156134792736, 0.5575030307684626, 0.5569087745887893, 0.5572202152439526, 0.5580632505672318, 0.5556588832821164, 0.5543268131358283, 0.5525009940777507, 0.558247729071549, 0.5569253372294563, 0.5570449286273548, 0.5552198184388024, 0.5545514672994614, 0.5523419923016003, 0.551736441041742, 0.5568437065396991, 0.556090924356665, 0.5520119198731014, 0.5548960864543915, 0.5529200189879963, 0.5511879399418831, 0.5536400760923114, 0.5513885361807687, 0.5509314100657191, 0.5545894939984594, 0.5675044794167791, 0.5524023334894862, 0.5500305252415794, 0.5530391644154277, 0.5553044102021626, 0.5512426974517959, 0.5528631689293044, 0.55376876358475, 0.5545317658356258, 0.5517499106270927, 0.5532398351601192, 0.5590871827942985, 0.5521093032189778, 0.532944914485727, 0.5331541800073215, 0.5337539123637336, 0.5325648731419018, 0.5299559129135949, 0.5356170471225467, 0.5313004010490009, 0.5337523509349141, 0.5356591641902924, 0.5321968421339989, 0.5353038161993027, 0.5311495502080236, 0.5349917443735259, 0.531560195343835, 0.5426557532378605, 0.5331067336457116, 0.5333110189863614, 0.5362649027790342, 0.5324279857533318, 0.5309310874768666, 0.5385817087122372, 0.5346461055534226, 0.531266732939652, 0.5351042194025857, 0.5334626510739326, 0.5312674748046058, 0.5317061128360885, 0.5433365351387432, 0.53573256198849, 0.5335738775985581, 0.5351203264934676, 0.5340032534939902, 0.5350574893610818, 0.5335395016840526, 0.5353150740265846, 0.536213219165802, 0.5400220389877047, 0.5374028491122382, 0.5310884628977094, 0.5731520386678832, 0.5427287944725582, 0.5354356201631683, 0.5436660764472825, 0.5444871123347964, 0.5375646448561123, 0.5361722590667861, 0.5372622949736459, 0.5372863795076098, 0.5369064179914338, 0.5342374039547784],