{"avg_train_loss_list": [0.7008181767804282, 0.6301796691758292, 0.5580986418894359, 0.531278765627316, 0.5146999955177307, 0.4964845989431654, 0.4764824850218637, 0.4542227174554552, 0.43059087438242777, 0.4066858674798693, 0.38184585741588045, 0.3580276093312672, 0.3364279866218567, 0.3194846734404564, 0.3028412365487644, 0.2880441024899483, 0.27416535360472544, 0.2618775410311563, 0.25094927847385406, 0.23728028046233313], "train_accuracy_list": [0.4014285714285714, 0.7371428571428571, 0.7371428571428571, 0.7371428571428571, 0.7371428571428571, 0.7371428571428571, 0.7371428571428571, 0.7371428571428571, 0.7371428571428571, 0.7457142857142857, 0.76, 0.8071428571428572, 0.87, 0.8942857142857142, 0.8871428571428571, 0.9014285714285715, 0.9085714285714286, 0.9171428571428571, 0.9185714285714286, 0.9242857142857143], "avg_val_loss_list": [0.6629384011030197, 0.5624891668558121, 0.5080301612615585, 0.49121569842100143, 0.475195087492466, 0.4558040350675583, 0.4349933788180351, 0.4125690311193466, 0.38967618346214294, 0.3682604730129242, 0.3451348766684532, 0.32628967612981796, 0.30992767959833145, 0.29589346796274185, 0.28431224822998047, 0.2736869119107723, 0.26388613879680634, 0.2555816024541855, 0.24660149961709976, 0.2367851510643959], "val_accuracy_list": [0.78, 0.78, 0.78, 0.78, 0.78, 0.78, 0.78, 0.78, 0.78, 0.8, 0.8, 0.865, 0.895, 0.91, 0.925, 0.925, 0.93, 0.93, 0.935, 0.935]}