{"avg_train_loss_list": [0.6895990930881697, 0.6697713351741279, 0.608943107201881, 0.541559619694641, 0.5008468892156464, 0.48251492737494794, 0.4841449503431615, 0.4637930574490852, 0.45038018767366705, 0.43957770024378273, 0.4351217153760576, 0.4208523538923755, 0.4236299490805754, 0.3925151061458686, 0.39102826951090824, 0.3768683189583808, 0.3631303972497429, 0.35312830495465664, 0.3622943354943364, 0.33634117660448726, 0.3336397971689087, 0.3346643529294692, 0.31996515193550856, 0.3210136343523399, 0.31455713756305653, 0.300373431640802, 0.3164977220837603, 0.30776233172293793, 0.28550619424618395, 0.28345157090843337, 0.27321164402150616, 0.27281516314167337, 0.2586006589771546, 0.2585576938599655, 0.25257136772588357, 0.24964127804815156, 0.2581423487245422, 0.2552373531399314, 0.24129255500036417, 0.22905900482971644, 0.2586682997259897, 0.22866873005309055, 0.21615988162067748, 0.2096492523692318, 0.22293850441568905, 0.2123350558668068, 0.22108935833591775, 0.20116755443135487, 0.1987324963064538, 0.19866109677811258], "train_accuracy_list": [0.4983477901693515, 0.6286658405617513, 0.684634448574969, 0.7133415943824866, 0.7203634861627427, 0.7403965303593556, 0.7430813713341594, 0.7525815778603883, 0.7622883106154482, 0.7757125154894672, 0.7781908302354399, 0.7905824039653035, 0.7883106154481619, 0.8066914498141264, 0.8099958694754233, 0.8223874432052871, 0.8325072284180091, 0.8397356464270962, 0.8343659644774887, 0.849235852953325, 0.849029326724494, 0.8527467988434532, 0.858942585708385, 0.8533663775299463, 0.8560512185047501, 0.8655514250309789, 0.8597686906237092, 0.8616274266831888, 0.869268897149938, 0.8725733168112351, 0.8800082610491532, 0.882486575795126, 0.885997521685254, 0.8789756299049979, 0.8851714167699298, 0.8855844692275919, 0.882693102023957, 0.8870301528294093, 0.8915737298636927, 0.8952912019826518, 0.8855844692275919, 0.9014869888475836, 0.9078893019413465, 0.9074762494836844, 0.9014869888475836, 0.9052044609665427, 0.9047914085088806, 0.9107806691449815, 0.9134655101197852, 0.9136720363486163], "avg_val_loss_list": [0.6840238443442753, 0.6487946191004345, 0.5711129169378962, 0.526274351137025, 0.49738089740276337, 0.5001990486468587, 0.47882629185914993, 0.4656094067863056, 0.4704601338931492, 0.46928911549704416, 0.4678578036172049, 0.4478420444897243, 0.44395012302058084, 0.4080211435045515, 0.3923186148915972, 0.4463109182459967, 0.37570879448737415, 0.41629402499113766, 0.36158234040652004, 0.3558576665818691, 0.35668062631572994, 0.3643286164317812, 0.3410370929964951, 0.35794346566711155, 0.32990322528140886, 0.33512204033987864, 0.34541988532458034, 0.3462619776172297, 0.3383541367948055, 0.3061654663511685, 0.31727730110287666, 0.3021373621055058, 0.30575288087129593, 0.4137878210416862, 0.3061995064573629, 0.29629247954913546, 0.4253485495490687, 0.29548822183694157, 0.2832511008850166, 0.28466002217360903, 0.2826617072735514, 0.28658608879361835, 0.27806134947708677, 0.2777076581759112, 0.27756319221641335, 0.4069647379219532, 0.28152855059930254, 0.27729940760348526, 0.2731966791408403, 0.3009938182575362], "val_accuracy_list": [0.5007225433526011, 0.6741329479768786, 0.6994219653179191, 0.6950867052023122, 0.713150289017341, 0.7247109826589595, 0.7247109826589595, 0.7601156069364162, 0.7536127167630058, 0.7507225433526011, 0.7738439306358381, 0.7702312138728323, 0.7723988439306358, 0.805635838150289, 0.8164739884393064, 0.7882947976878613, 0.8222543352601156, 0.7984104046242775, 0.8323699421965318, 0.8251445086705202, 0.8323699421965318, 0.8302023121387283, 0.8403179190751445, 0.8352601156069365, 0.8489884393063584, 0.8417630057803468, 0.8345375722543352, 0.8453757225433526, 0.8395953757225434, 0.8591040462427746, 0.8526011560693642, 0.8627167630057804, 0.8619942196531792, 0.8143063583815029, 0.8583815028901735, 0.8605491329479769, 0.809971098265896, 0.8634393063583815, 0.8764450867052023, 0.8757225433526011, 0.869942196531792, 0.8757225433526011, 0.8786127167630058, 0.8742774566473989, 0.8836705202312138, 0.8316473988439307, 0.875, 0.8815028901734104, 0.8836705202312138, 0.8684971098265896]}