{"avg_train_loss_list": [0.7280355436461312, 0.6640204872403827, 0.5975617638656071, 0.5617170695747647, 0.5467083368982587, 0.5276937804051808, 0.5040043273142406, 0.47790356831891195, 0.44663481414318085, 0.41155318915843964, 0.37346879073551725, 0.33661926218441557, 0.30260515213012695, 0.2790050751396588, 0.25956925430468153, 0.2386619129351207, 0.22217499571187155, 0.2058456689119339, 0.19904331756489618, 0.1775060695196901, 0.16478261298366956, 0.15305069674338614, 0.1512316438768591, 0.14733908804399626, 0.14061212273580687, 0.13026042841374874, 0.13837025979799883, 0.12071345214332853, 0.12029037039194788, 0.11885855586401053], "train_accuracy_list": [0.24142857142857144, 0.6771428571428572, 0.7585714285714286, 0.7585714285714286, 0.7585714285714286, 0.7585714285714286, 0.7585714285714286, 0.7585714285714286, 0.7585714285714286, 0.76, 0.7885714285714286, 0.8314285714285714, 0.8628571428571429, 0.9057142857142857, 0.9271428571428572, 0.9242857142857143, 0.9371428571428572, 0.93, 0.9314285714285714, 0.9442857142857143, 0.9471428571428572, 0.9514285714285714, 0.9485714285714286, 0.9514285714285714, 0.9571428571428572, 0.9528571428571428, 0.9485714285714286, 0.9571428571428572, 0.9585714285714285, 0.9557142857142857], "avg_val_loss_list": [0.6977463364601135, 0.6172876060009003, 0.5567720681428909, 0.5405706837773323, 0.5236176401376724, 0.5049370601773262, 0.4825918897986412, 0.4568679630756378, 0.42653553932905197, 0.39178674668073654, 0.3552059158682823, 0.32277751713991165, 0.29750537127256393, 0.2757044620811939, 0.25888586789369583, 0.2520619407296181, 0.2238859161734581, 0.22197594866156578, 0.19732163101434708, 0.1938171610236168, 0.17763330787420273, 0.17964021489024162, 0.1661353725939989, 0.1775369793176651, 0.18356187641620636, 0.16653186082839966, 0.15145676024258137, 0.15180591866374016, 0.16742641106247902, 0.14662052504718304], "val_accuracy_list": [0.4, 0.77, 0.77, 0.77, 0.77, 0.77, 0.77, 0.77, 0.77, 0.775, 0.8, 0.87, 0.905, 0.9, 0.91, 0.9, 0.915, 0.9, 0.945, 0.905, 0.935, 0.95, 0.94, 0.905, 0.905, 0.945, 0.945, 0.95, 0.91, 0.935]}