{"avg_train_loss_list": [0.6534981685025352, 0.5476596291576113, 0.5330974055188042, 0.5097806666578565, 0.4897000938653946, 0.4708063645022256, 0.44942870097500937, 0.4288796271596636, 0.40425807663372587, 0.3800702669790813, 0.3602320892470224, 0.34213634367500034, 0.3267538643309048, 0.3167182909590857, 0.30461079627275467, 0.29461299095835003, 0.28710149973630905, 0.27807199529239107, 0.264989224927766, 0.25535680034330915, 0.24391626247337886, 0.23564152206693376, 0.22546168203864778, 0.2146382055112294, 0.20401390748364584, 0.19860582053661346, 0.1843408697417804, 0.17726788882698333, 0.16708069294691086, 0.16098590727363313, 0.15283323930842535, 0.14379412095461572, 0.14301914881382669, 0.14024119451642036, 0.14811139607003757, 0.15146829507180623, 0.1500419516648565, 0.14924958454711096, 0.12325667962431908, 0.13317030029637472, 0.12842838652431965, 0.11631649839026588, 0.11529998055526189, 0.13641403083290374, 0.13411167955824307, 0.11630281273807798, 0.13461169760142053, 0.13474915229848453, 0.11513177305459976, 0.11511526735765594], "train_accuracy_list": [0.5885714285714285, 0.7542857142857143, 0.7542857142857143, 0.7542857142857143, 0.7542857142857143, 0.7542857142857143, 0.7542857142857143, 0.7542857142857143, 0.7628571428571429, 0.7757142857142857, 0.8285714285714286, 0.8228571428571428, 0.8728571428571429, 0.8671428571428571, 0.8914285714285715, 0.8942857142857142, 0.8985714285714286, 0.9128571428571428, 0.9157142857142857, 0.9242857142857143, 0.9314285714285714, 0.93, 0.9328571428571428, 0.93, 0.9357142857142857, 0.9414285714285714, 0.9314285714285714, 0.9342857142857143, 0.9357142857142857, 0.94, 0.9414285714285714, 0.9514285714285714, 0.9485714285714286, 0.95, 0.9442857142857143, 0.9342857142857143, 0.94, 0.9442857142857143, 0.9557142857142857, 0.9442857142857143, 0.9485714285714286, 0.9542857142857143, 0.9628571428571429, 0.94, 0.9428571428571428, 0.9571428571428572, 0.9471428571428572, 0.9542857142857143, 0.9642857142857143, 0.9585714285714285], "avg_val_loss_list": [0.5486240535974503, 0.5320045053958893, 0.5033146142959595, 0.4842729941010475, 0.46534646302461624, 0.44491470605134964, 0.42465419322252274, 0.4018872380256653, 0.38111329823732376, 0.3611234724521637, 0.34285152703523636, 0.33105824142694473, 0.320943720638752, 0.30806148052215576, 0.3128492310643196, 0.29263781011104584, 0.27523261308670044, 0.2724922187626362, 0.26046494767069817, 0.2502618543803692, 0.2358243726193905, 0.22753842920064926, 0.2121930830180645, 0.19957523047924042, 0.19536101073026657, 0.17768163606524467, 0.17842630296945572, 0.18521646410226822, 0.1785457655787468, 0.1540236622095108, 0.15897701308131218, 0.1366743240505457, 0.13361811265349388, 0.15103842690587044, 0.12805426679551601, 0.13477883860468864, 0.17009012773633003, 0.12324785441160202, 0.12364696525037289, 0.12854714319109917, 0.12463621608912945, 0.11886442080140114, 0.12333385273814201, 0.1290612928569317, 0.12098385021090508, 0.11780098639428616, 0.20138614252209663, 0.11779697984457016, 0.12835423462092876, 0.12576184049248695], "val_accuracy_list": [0.775, 0.775, 0.775, 0.775, 0.775, 0.775, 0.775, 0.775, 0.795, 0.815, 0.83, 0.87, 0.88, 0.89, 0.875, 0.885, 0.895, 0.895, 0.895, 0.9, 0.91, 0.92, 0.925, 0.93, 0.94, 0.94, 0.93, 0.925, 0.93, 0.935, 0.935, 0.955, 0.95, 0.935, 0.955, 0.945, 0.93, 0.95, 0.95, 0.95, 0.945, 0.955, 0.945, 0.95, 0.95, 0.95, 0.93, 0.95, 0.955, 0.95]}