{"avg_train_loss_list": [0.680100509098598, 0.656512805393764, 0.6245730945042202, 0.5888389817305973, 0.5592373481818608, 0.5410313052790505, 0.5300974334989276, 0.5123025881392615, 0.49058965912887026, 0.46261149431977955, 0.4352372799600874, 0.4051432226385389, 0.3758416942187718, 0.35143388382026125, 0.3265504368713924, 0.3000420534185001, 0.27080002214227405, 0.24592774574245727, 0.22666401735373906, 0.20006355962582997], "train_accuracy_list": [0.76, 0.76, 0.76, 0.76, 0.76, 0.76, 0.76, 0.76, 0.76, 0.76, 0.76, 0.7628571428571429, 0.7857142857142857, 0.8114285714285714, 0.8328571428571429, 0.8857142857142857, 0.8928571428571429, 0.9214285714285714, 0.9128571428571428, 0.9385714285714286], "avg_val_loss_list": [0.669180229306221, 0.6413625478744507, 0.6106433272361755, 0.5779930353164673, 0.5582460314035416, 0.5491260290145874, 0.5349012166261673, 0.516320213675499, 0.49137479811906815, 0.46597976982593536, 0.43493030965328217, 0.40599436312913895, 0.37689613550901413, 0.3474460318684578, 0.32291313260793686, 0.2984403297305107, 0.2699914798140526, 0.2469758689403534, 0.2203119769692421, 0.21156100183725357], "val_accuracy_list": [0.75, 0.75, 0.75, 0.75, 0.75, 0.75, 0.75, 0.75, 0.75, 0.75, 0.75, 0.75, 0.78, 0.82, 0.85, 0.86, 0.905, 0.92, 0.94, 0.92]}