{"avg_train_loss_list": [0.6296795358260473, 0.4804142341017723, 0.3810201182961464, 0.31974912211298945, 0.29998329107960064, 0.2825132983426253, 0.26668090708553793, 0.21410166298349698, 0.19426723880072436, 0.17826460674405098, 0.17801318913698197, 0.17463680716852348, 0.149262684614708, 0.14720269718479054, 0.1327832437430819, 0.15228800394882758, 0.12984045135478178, 0.12053393243501584, 0.11526966163267692, 0.12227582366516193, 0.11541871015603343, 0.11686953473836184, 0.10786408977583051, 0.10774509016579638, 0.11732563064045583, 0.10141650268342346, 0.09927839251856009, 0.11652464795236786, 0.10656169901291529, 0.0911131538838769, 0.10041860102986296, 0.11276413735467941, 0.09707139619082833, 0.08647559035258988, 0.10448137866333126, 0.10549073973670602, 0.08665678889180223, 0.08851156706611316, 0.08611586567324897, 0.07285495158284902], "train_accuracy_list": [0.599051811716898, 0.7551642397561802, 0.8113782593972232, 0.8631899762952929, 0.8763968845242127, 0.8770741618692854, 0.8929901794784965, 0.9224517439891635, 0.93125634947511, 0.9349813748730105, 0.9373518455807653, 0.929563156112428, 0.9427700643413478, 0.9424314256688113, 0.9539451405350491, 0.9441246190314934, 0.9539451405350491, 0.950558753809685, 0.9590247206230952, 0.9546224178801219, 0.9556383338977311, 0.9620724686759228, 0.9607179139857772, 0.9610565526583136, 0.9566542499153403, 0.9634270233660684, 0.9657974940738232, 0.958008804605486, 0.9637656620386048, 0.9678293261090416, 0.9678293261090416, 0.9583474432780223, 0.9657974940738232, 0.9708770741618693, 0.9685066034541144, 0.963088384693532, 0.9729089061970877, 0.9722316288520149, 0.9712157128344057, 0.9793430409752794], "avg_val_loss_list": [0.5567668080329895, 0.4118364733808181, 0.3368858887868769, 0.43281710673781004, 0.3398424974259208, 0.2646114493117613, 0.21579263140173519, 0.2021443116314271, 0.1680364341420286, 0.16222664713859558, 0.1390608137144762, 0.1342091396012727, 0.21674261461285985, 0.13270567050751517, 0.20939848791150487, 0.11143838877187055, 0.1091831521514584, 0.1131351980216363, 0.18244775121702866, 0.1281794675571077, 0.10543383011484847, 0.11243338904836599, 0.11510506622931536, 0.17135849595069885, 0.12948182948371945, 0.10041507070555407, 0.13423368729212704, 0.10931335696402718, 0.0967894127482877, 0.12884351742618225, 0.09764233143890605, 0.21581958541098764, 0.10404970431152512, 0.09145152831778806, 0.09524848684668541, 0.09551741642987027, 0.10862497897709117, 0.1007210667080739, 0.08905853166737977, 0.1189699455657426], "val_accuracy_list": [0.735781990521327, 0.7997630331753555, 0.8732227488151659, 0.759478672985782, 0.8388625592417062, 0.8684834123222749, 0.9241706161137441, 0.9265402843601895, 0.9478672985781991, 0.9407582938388626, 0.9537914691943128, 0.9549763033175356, 0.9028436018957346, 0.9549763033175356, 0.909952606635071, 0.9620853080568721, 0.9620853080568721, 0.95260663507109, 0.9229857819905213, 0.9537914691943128, 0.9632701421800948, 0.9620853080568721, 0.9561611374407583, 0.9253554502369669, 0.9478672985781991, 0.966824644549763, 0.9490521327014217, 0.9644549763033176, 0.9691943127962085, 0.95260663507109, 0.9620853080568721, 0.9123222748815166, 0.9632701421800948, 0.966824644549763, 0.966824644549763, 0.9644549763033176, 0.9597156398104265, 0.9644549763033176, 0.9715639810426541, 0.9585308056872038]}