{"avg_train_loss_list": [0.6146021559066379, 0.5269077739764735, 0.5020739006012985, 0.4800094031181532, 0.47566428196798893, 0.44896553502869363, 0.43759524115582105, 0.42204990122736114, 0.4090276703084867, 0.38776943072215797, 0.3717734125471607, 0.36203137362740706, 0.3544948489702854, 0.3454259105564393, 0.3340858892374432, 0.3273055542682864, 0.30921709383885887, 0.31173524260520935, 0.29914712614005373, 0.28910164058822946, 0.2943140125459002, 0.2796152012864339, 0.2783333311990364, 0.2781087163182878, 0.27016274968987886, 0.2587628936030201, 0.2525090693505769, 0.2608284553916184, 0.24474089400669963, 0.24497883866742715, 0.23841057372154648, 0.2396165200115479, 0.23189947900083877, 0.2320903892215994, 0.23771201596432126, 0.2235805309310402, 0.22111614010075933, 0.21072662099427783, 0.205801923480845, 0.2010860996148021, 0.19388286485192702, 0.1936667404070343, 0.19387365378362617, 0.19364622304427256, 0.1940824010783864, 0.19372811387341046, 0.1939620894869578, 0.19354993604200402, 0.19403336826980727, 0.1938955385967628, 0.19331026376829935, 0.19357137474202618, 0.19377490455649563, 0.19356258835681936, 0.19374583915029606, 0.19379049017257297, 0.19411144866464064, 0.1938033551745808, 0.19434429536160736, 0.1941280444104647], "train_accuracy_list": [0.5423378769103676, 0.6701776125567948, 0.6852540272614622, 0.6982651796778191, 0.7015695993391161, 0.7137546468401487, 0.7265592730276745, 0.7354399008674102, 0.7472118959107806, 0.7645600991325898, 0.7874845105328376, 0.8015282940933498, 0.8025609252375052, 0.8141263940520446, 0.8199091284593143, 0.8258983890954151, 0.8426270136307311, 0.8364312267657993, 0.8500619578686494, 0.8533663775299463, 0.849029326724494, 0.8622470053696819, 0.8605947955390335, 0.8583230070218918, 0.8674101610904585, 0.8736059479553904, 0.8802147872779843, 0.8729863692688972, 0.8849648905410987, 0.8804213135068154, 0.8822800495662949, 0.885997521685254, 0.8886823626600578, 0.8862040479140851, 0.8847583643122676, 0.8907476249483685, 0.8942585708384965, 0.8965303593556382, 0.9054109871953738, 0.9078893019413465, 0.9215200330441966, 0.9215200330441966, 0.9215200330441966, 0.9215200330441966, 0.9215200330441966, 0.9215200330441966, 0.9215200330441966, 0.9215200330441966, 0.9215200330441966, 0.9215200330441966, 0.9215200330441966, 0.9215200330441966, 0.9215200330441966, 0.9215200330441966, 0.9215200330441966, 0.9215200330441966, 0.9215200330441966, 0.9215200330441966, 0.9215200330441966, 0.9215200330441966], "avg_val_loss_list": [0.5569165913122041, 0.5212129758937019, 0.5047811344265938, 0.4974426542009626, 0.4716607928276062, 0.4557988356266703, 0.46427748671599794, 0.4291697399956839, 0.43182544197355, 0.400382470871721, 0.39262669320617405, 0.3894440702029637, 0.38375964973654064, 0.3847793127809252, 0.35941642948559355, 0.3516604006290436, 0.35777759019817623, 0.34974502665655954, 0.3336418201880796, 0.33125776212130276, 0.32322834911090986, 0.3247973753937653, 0.333807148039341, 0.3136833703943661, 0.32351059040852953, 0.30813488949622425, 0.30725751923663275, 0.30869509492601666, 0.3179051194872175, 0.2980418061571462, 0.29722674936056137, 0.29740058950015474, 0.33003932929464747, 0.3284202681056091, 0.29962832587105886, 0.28490707012159483, 0.32772377718772205, 0.31154644436069895, 0.30568742166672436, 0.2947137424988406, 0.2947137424988406, 0.2947137424988406, 0.2947137424988406, 0.2947137424988406, 0.2947137424988406, 0.2947137424988406, 0.2947137424988406, 0.2947137424988406, 0.2947137424988406, 0.2947137424988406, 0.2947137424988406, 0.2947137424988406, 0.2947137424988406, 0.2947137424988406, 0.2947137424988406, 0.2947137424988406, 0.2947137424988406, 0.2947137424988406, 0.2947137424988406, 0.2947137424988406], "val_accuracy_list": [0.6221098265895953, 0.6560693641618497, 0.6907514450867052, 0.7203757225433526, 0.7008670520231214, 0.7008670520231214, 0.6705202312138728, 0.713150289017341, 0.6921965317919075, 0.7586705202312138, 0.7333815028901735, 0.7283236994219653, 0.8302023121387283, 0.8352601156069365, 0.8309248554913294, 0.8229768786127167, 0.7774566473988439, 0.8106936416184971, 0.8179190751445087, 0.8316473988439307, 0.8294797687861272, 0.805635838150289, 0.8085260115606936, 0.8453757225433526, 0.8063583815028902, 0.8338150289017341, 0.838150289017341, 0.8424855491329479, 0.8591040462427746, 0.8417630057803468, 0.8540462427745664, 0.838150289017341, 0.865606936416185, 0.8641618497109826, 0.8742774566473989, 0.8547687861271677, 0.815028901734104, 0.8692196531791907, 0.8735549132947977, 0.8721098265895953, 0.8721098265895953, 0.8721098265895953, 0.8721098265895953, 0.8721098265895953, 0.8721098265895953, 0.8721098265895953, 0.8721098265895953, 0.8721098265895953, 0.8721098265895953, 0.8721098265895953, 0.8721098265895953, 0.8721098265895953, 0.8721098265895953, 0.8721098265895953, 0.8721098265895953, 0.8721098265895953, 0.8721098265895953, 0.8721098265895953, 0.8721098265895953, 0.8721098265895953]}