{"avg_train_loss_list": [0.6523513965999957, 0.58517980913526, 0.5566877163562578, 0.5343599909359646, 0.5194888861523461, 0.4954726293529432, 0.480875018023953, 0.4722083060397315, 0.45139515154140514, 0.438000027051906, 0.43677910855135965, 0.4105600892882986, 0.40000480567057106, 0.3929745177018274, 0.39216557575255323, 0.37533934214680464, 0.3721184627604239, 0.36704628876189593, 0.35698219165974054, 0.35226358749817327, 0.3441987782716751, 0.33620224171078084, 0.3376354502955663, 0.3379804438229689, 0.32127096926428605, 0.31586339516738027, 0.3297798575199756, 0.31702858923944, 0.30713484443954586, 0.29784237831523735, 0.29238255767478155, 0.29036785585364117, 0.27859620304451777, 0.28418558651639014, 0.28586582793402915, 0.26896911414013697, 0.27023550821948294, 0.26088150137478544, 0.2589632306516785, 0.2562097723490184], "train_accuracy_list": [0.6406443618339529, 0.6747211895910781, 0.6931020239570426, 0.7193308550185874, 0.721396117306898, 0.7463857909954564, 0.7565055762081785, 0.7691036761668731, 0.781908302354399, 0.7905824039653035, 0.7969847170590665, 0.8170177612556795, 0.8194960760016522, 0.8281701776125568, 0.8201156546881454, 0.8327137546468402, 0.8343659644774887, 0.8395291201982652, 0.8548120611317638, 0.8506815365551424, 0.8498554316398182, 0.8552251135894259, 0.855638166047088, 0.8539859562164395, 0.8610078479966956, 0.86575795125981, 0.8558446922759191, 0.8665840561751342, 0.8709211069805866, 0.8764973151590252, 0.8783560512185048, 0.8762907889301942, 0.8837257331681123, 0.8804213135068154, 0.8820735233374638, 0.889301941346551, 0.8876497315159025, 0.8944650970673276, 0.8946716232961586, 0.8979760429574556], "avg_val_loss_list": [0.6232878799949374, 0.5697907039097377, 0.550828795347895, 0.5300868664469037, 0.5504838441099439, 0.4917668327689171, 0.47181224610124317, 0.4515344873070717, 0.4601528410400663, 0.4289476988571031, 0.4167275460703032, 0.42561029323509764, 0.39816432126930784, 0.3927134999207088, 0.4593874013849667, 0.38126386063439505, 0.3703125811048916, 0.4456062370112964, 0.36569185235670637, 0.37404593718903406, 0.35781123116612434, 0.345651101320982, 0.36435253279549734, 0.345699494438512, 0.36124195956758093, 0.3928727198924337, 0.35394723766616415, 0.33528838200228556, 0.33025078794785906, 0.33156553176896914, 0.36601372914654867, 0.34044913415397915, 0.33370762318372726, 0.36482187254088266, 0.320313566497394, 0.32153140966381344, 0.3172347199703966, 0.3140279586826052, 0.33402312972715925, 0.3260234961552279], "val_accuracy_list": [0.6596820809248555, 0.671242774566474, 0.6921965317919075, 0.7304913294797688, 0.6748554913294798, 0.7796242774566474, 0.7832369942196532, 0.7955202312138728, 0.7478323699421965, 0.8020231213872833, 0.828757225433526, 0.7817919075144508, 0.8345375722543352, 0.8323699421965318, 0.7471098265895953, 0.8453757225433526, 0.8446531791907514, 0.763728323699422, 0.8410404624277457, 0.833092485549133, 0.8583815028901735, 0.8533236994219653, 0.8453757225433526, 0.8554913294797688, 0.8395953757225434, 0.8164739884393064, 0.8482658959537572, 0.8547687861271677, 0.8497109826589595, 0.8576589595375722, 0.838150289017341, 0.8526011560693642, 0.8591040462427746, 0.8410404624277457, 0.8670520231213873, 0.8641618497109826, 0.8670520231213873, 0.8677745664739884, 0.8569364161849711, 0.8583815028901735]}