{"avg_train_loss_list": [0.6939485328538078, 0.6310246629374368, 0.5321562758513859, 0.4925495024238314, 0.4687347539833614, 0.4393906763621739, 0.41000970559460775, 0.3839470403535025, 0.35824540576764513, 0.33583532380206244, 0.31392415293625425, 0.2969380947096007, 0.275791625891413, 0.25629667192697525, 0.24313963736806596, 0.2397345687661852, 0.22069253346749715, 0.19392831517117365, 0.1799400741500514, 0.16668068670800754], "train_accuracy_list": [0.4757142857142857, 0.7442857142857143, 0.7442857142857143, 0.7442857142857143, 0.7442857142857143, 0.7442857142857143, 0.7471428571428571, 0.7657142857142857, 0.7928571428571428, 0.8185714285714286, 0.8557142857142858, 0.8742857142857143, 0.9014285714285715, 0.9114285714285715, 0.9185714285714286, 0.9114285714285715, 0.9214285714285714, 0.9357142857142857, 0.9328571428571428, 0.9414285714285714], "avg_val_loss_list": [0.6653749197721481, 0.5562602430582047, 0.4488733932375908, 0.421947181224823, 0.40105298161506653, 0.37378449738025665, 0.34492526203393936, 0.32177798449993134, 0.2988969013094902, 0.2792414650321007, 0.26197732612490654, 0.24484192579984665, 0.22928037121891975, 0.21487592160701752, 0.2221778891980648, 0.2297472022473812, 0.18488376587629318, 0.1833694539964199, 0.16403860598802567, 0.1628337725996971], "val_accuracy_list": [0.795, 0.795, 0.795, 0.795, 0.795, 0.795, 0.795, 0.825, 0.835, 0.875, 0.89, 0.885, 0.91, 0.945, 0.93, 0.91, 0.945, 0.935, 0.95, 0.955]}