{"avg_train_loss_list": [0.693609390939985, 0.5903067205633435, 0.5634577657495227, 0.5461621454783848, 0.5286102145910263, 0.5093552299908229, 0.486247399023601, 0.4629891983100346, 0.433054655790329, 0.4077754020690918, 0.37975797270025524, 0.35789438656398226, 0.33895619213581085, 0.3247552216053009, 0.3105862076793398, 0.2980985088007791, 0.2851501341376986, 0.27581797008003506, 0.2651199187551226, 0.2617556303739548], "train_accuracy_list": [0.4928571428571429, 0.7457142857142857, 0.7457142857142857, 0.7457142857142857, 0.7457142857142857, 0.7457142857142857, 0.7457142857142857, 0.7457142857142857, 0.7457142857142857, 0.7657142857142857, 0.7785714285714286, 0.8128571428571428, 0.8314285714285714, 0.8528571428571429, 0.86, 0.8785714285714286, 0.8914285714285715, 0.8985714285714286, 0.91, 0.9242857142857143], "avg_val_loss_list": [0.5982530266046524, 0.5778639316558838, 0.5552848801016808, 0.5386105626821518, 0.5205780938267708, 0.5003702789545059, 0.4776477813720703, 0.45050180703401566, 0.4252660349011421, 0.39625777304172516, 0.3735094591975212, 0.3524695113301277, 0.3346879109740257, 0.32192283868789673, 0.31075286865234375, 0.29887648671865463, 0.30565153807401657, 0.2823295518755913, 0.27634022384881973, 0.27076030895113945], "val_accuracy_list": [0.75, 0.75, 0.75, 0.75, 0.75, 0.75, 0.75, 0.75, 0.755, 0.78, 0.785, 0.845, 0.865, 0.88, 0.89, 0.9, 0.865, 0.915, 0.92, 0.915]}